,SAS Contact,TA,Last Update, Interview Target,Investigate,Entity Name,Stakeholder Category,Stakeholder Group,Development Stage,Product Group,Products 1,Products 2,Products 3,Products 4,Products 5,Stakeholder Description,Stakeholder Public/Private,ID (Ticker or D&B ID),NAICS,Website,Headquarters City,Headquarters State,Headquarters Country,Phone Number,Email,Stakeholder Contact,Principal (CEO),Year Founded,Number of Employees,Parent Company,On Market,Product Name,SKU/ID,Notes,Product Category (OLD),Product Group (OLD)
,,,8/1/22,,,American Hemp Ventures,Processing & Manufacturing,Product Manufacturers,Products,Oil,Personal care,,,,,"American Hemp Ventures, Inc. (AMHV) is the world’s premier hemp company.",public,AMHV,"32,541,325",https://americanhemp.io/,Aurora,CO,US,-2549,John@americanhemp.io,720-909-8300,Mark Spoone,2007,8,,,,,,Personal care,Oil
,,,8/1/22,,Y,Bio Weave,NA,NA,NA,Primary (Line),Carpeting,,,,,,,,,(http://www.earthweave.com/),Dalton,,N/A,706-278-8200,,,,1996,,,,,,,Carpeting,Primary (line)
,,,8/2/22,,,Bob's Red Mill,Processing & Manufacturing,Plant breeders and seed companies,Products,Post-Extract,Plant-based Protein,,,,,Hemp seeds are one of nature's best sources for plant-based protein.,private,,311942,(https://www.bobsredmill.com/,Milwaukie,OR,US,800-349-2173,,,Bob Moore,1978,500+,,,,,,Plant-based Protein,Post-Extract
,,,8/2/22,,,Brick & Mortar Hemp Co.,Processing & Manufacturing,Product Manufacturers,Products,Hurds,Mortar,,,,,Brick and Mortar Hemp Co. carries a large variety of locally sourced hemp products.,private,-,"45,453,991",https://brickandmortarhemp.com/,,WI,US,920-226-3112,,,Jordon Wakefield,2020,1-20,,,,,,Mortar,Hurds
,,,8/4/22,,,Buffy,Processing & Manufacturing,Retail,Products,Hurds,Absorbent Bedding,,,,,"Designed for a lifetime of chill, our naturally breathable, mega-durable Hemp Linen is made from a special fiber",public,,"33,339",(https://buffy.co/),,DE,US,855-466-4812,hello@buffy.co,,Leo Wang,2017,8,,,,,,Absorbent Bedding,Hurds
,,,8/4/22,,,Bulk Hemp Warehouse,Processing & Manufacturing,Wholesale,Products,Primary (line),Fabric,,,,,"Offering Raw Bulk Hemp Materials and hempowering companies and people around the world! Get Hemp Ropes, Twines, Fabrics, Foods and so much more!",private,,"424,314,243",(https://bulkhempwarehouse.com/),Las Vegas,NV,US,805-410-4367,help@bulkhempwarehouse.com,,Tyler Hoff,2012,1-10,,,,,Carry other products such as hemp cordage,Fabric,Primary (line)
,Dr. Karl Haapala,Y,9/19/22,,,Columbia Hemp Trading Co.,Processing & Manufacturing,Wholesale,Markets,Oil,,,,,,"CHTC) is the leading supplier of hemp services, raw ingredients, and CBD products in the hemp industry.",private,,"42,499,424",(https://columbiahtc.com/),Corvallis,OR,US,541-321-6671,sales@columbiahtc.com,,Jacob Crabtree,2018,<25,,,,,,,Oil
,,,8/4/22,,,Country Chic Paint,Distribution,Retail,Products,Hurds,Chemical feedstock: Sealants,,,,,"Country Chic Paint products are environmentally-conscious, very easy to work with, and there's little to no prep work involved.",private,,"4,444,412",(https://www.countrychicpaint.com/),Duncan,BC,Canada,1-888-523-2360,hello@countrychicpaint.com,,Rosanne Korteland,2014,<25,,,,,,Sealants,Hurds
,,,8/4/22,,,Delilah Home,Processing & Manufacturing,Retail,Products,Hurds,Absorbent Bedding,,,,,Delilah Home is a 100% vegan-certified and organic home textile company.,private,,"31,321,313",(https://delilahhome.com/),Weddington,NC,US,877-470-7584,cs@deliahhome.com,,Michael Twer,2019,2-10,,,,,,Absorbent Bedding,Hurds
,,,8/8/22,,,Easy Waste Management,Processing & Manufacturing,Materials processors,Handling/Processing,Secondary,,,,,,Easy Waste Management are 100% committed to providing eco-friendly solutions to cannabis waste that meet the strict regulations of governing bodies.,private,,"562211,56",https://www.easycannabiswaste.com/,Sun Valley,CA,US,833-420-3279,,,Gary Altunyan,,2-10,,,,,,,Secondary
,,,8/8/22,,,EnviroTextiles,Processing & Manufacturing,Product Manufacturers,Manufacturer,Primary (line),Fabric,,,,,"EnviroTextiles is an industry leader in the effort to improve Corporate Social Responsibility and Transparency in manufacturing, processing and labeling. We personally manage each of our production facilities across the globe, while providing these communities with jobs, infrastructure, and community support.",private,,"424,314,243",(https://www.envirotextiles.com/),Glenwood Springs,CO,US,970-945-5986,info@envirotextiles.com,,Barbara Filippone,2002,<25,,,,,,Fabric,Primary (line)
,,,8/8/22,,,Fletcher Farms Hemp Company,Processing & Manufacturing,Retail,Products,Essential Compounds,,,,,,"Fletcher Farms is a Family-Owned Hemp Farm in Vale, Oregon.",private,,,(https://fletcherfarmshemp.com/),Vale,OR,US,503-882-0846,info@fletcherfarms.com,,Tom Fletcher,1972,11-50,,,,,,,Essential Compounds
,,,8/8/22,,,Fusion Mineral Paint,Processing & Manufacturing,Retail,Products,Oil,Paint,,,,,"Homestead House Paint Co., launched in 1989 to replicate beautiful old world finishes – it’s still in operation today.",private,,"4,444,412",https://fusionmineralpaint.com/,Newport,KY,US,,application@fusionmineralpaint.com,,Jennylyn Pringle,1989,<25,,,,,Wood Finish,Paint,Oil
,,,8/8/22,,,GlobalCBD,Distribution,Retail,Products,Oil,Adhesive,,,,,Global CBD CBD OIL and Extracts originate from organically grown agriculture hemp provided through a state piloted program.,private,,"45,453",https://globalcbd.com/,,IA,US,208-340-9414,info@globalcbd.com,,Joel Bordeaux,,26,,,,,,Adhensive,Oil
,,,8/8/22,,,Go Green Hemp,Processing & Manufacturing,Retail,Products,Extracting,Pharmaceutical,,,,,GoGreen Hemp has been providing quality CBD hemp products to consumers since 2016.,private,,"44,45",https://www.gogreenhemp.com/,Plantation,FL,US,1 (954) 533 0089,info@gogreenhemp.com,,Romas Marcinkevicius,2016,11-50,,,,,,Pharmaceutical,Extracting
,,,8/8/22,,,Heartland,Farming & Allied Services,Farm service suppliers,Seed,Essential Compounds,Compost,,,,,"Heartland’s values are grounded in education, innovation , and collaboration that drives sustainable outcomes.",private,,"11,112",(https://www.heartland.io/),Detroit,MI,US,313-649-784,hello@heartland.io,,Jesse Henry,2017,<25,,,,,,,
,,,8/8/22,,,Hemp Battery Direct,Processing & Manufacturing,Equipment suppliers,Handling/Processing,Primary (line),Graphene Battery,,,,,Hemp Rechargeable Batteries – A New Breakthrough in the Tech World Research has shown Hemp Batteries Are More Powerful Than Lithium And Graphene,private,,,(https://www.hempbatterydirect.com/),Pocatello,ID,US,,,,Bruce Perlowin ,2015,,,,,,,Graphene Battery,Primary (line)
,,,8/8/22,,,Hemp Craft,Distribution,Retail,Products,Tow,Cordage,,,,,"Hemp craft and jewelry supply! We have everything you need to make your own beautiful and unique hemp craft project such as hemp jewelry, macrame, and string art.",private,,"45,451,120",(http://www.myhempcraft.com/),Eddyville,OR,US,,myhempcraft@gmail.com,,,2010,,,,,,,Cordage,Tow
,,,8/8/22,,,Hemp Inc.,Processing & Manufacturing,Materials processors,Products,Secondary,Fiber board,,,,,"Industrial Hemp Manufacturing, LLC (IHM) is a global company that produces quality natural fiber and other cellulose based products for major growth markets.",public,OTC: HEMP,"31311,11",(https://hempinc.com/),Las Vegas,NV,US,855-436-7688,IR@hempinc.com,,Bruce Perlowin,2008,300,,,,,,,
,,,8/9/22,,,Hemp Northwest,Distribution,Wholesale,Products,Cake,Food,,,,,"Hemp Northwest is an Oregon Hemp Seed Food and Ingredient Processor, Manufacturer and Distributor working collaboratively with NW farmers, OSU Global Hemp Innovation Center, The Hemp Feed Coalition and other hemp seed processors and producers across the USA to build and support an all-American supply chain of growing hemp seed grain and producing high quality hemp seed food products for humans and animals.",,,,(https://hempnorthwest.com/),Hoodriver,OR,US,541-490-9621,,,Tonia Farman,2017,<25,,,,,,Food,Cake
,,,8/11/22,,Y,Hemp Traders,NA,,,Primary (line),Fabric,,,,,,,,,(https://www.hemptraders.com),Paramount,CA,,562-630-334,contact@hemptraders.com,,,1994,,,,,,,Fabric,Primary (line)
,Jonathan Leong,,8/11/22,,,Hemp Wood,Distribution,Retail,Products,Bast Fiber,Paneling,,,,,"Widely considered to be the premier wood substitute with the smallest ecological footprint of any lumber alternative, HempWood® is perfect for use as anything that wood can be used for, like construction materials, flooring, and furniture.",private,,"32,321",(https://hempwood.com),Murray,KY,US,888-338-1235,sales@hempwood.com,,Greg Wilson ,2019,<25,,,,,,Panel,Bast Fiber
,,,8/11/22,,,Hempalaya,Processing & Manufacturing,Retail,Products,Primary (line),Fabric,,,,,Hempalaya products consist mainly of wild Himalaya hemp and natural raw materials from Nepal.,private,,325411,https://hempalaya.com/,Vienna,,Austria,43-1-9557287,Contact@Hempalaya.Com,,N/A,,,,,,,,Fabric,Primary (line)
,,,8/11/22,,,Hempbasics,Processing & Manufacturing,Retail,Products,Bast Fiber,Cordage,,,,,Hemp Basics is one of the oldest and largest manufacturers and distributors of the finest natural hemp products available on line.,private,,"42,431,424",https://hempbasics.com/,Warren,NJ,US,888-831-3747,https://www.hempbasics.com/shop/Contact,,Ah Warner,1991,31,,,,,,Cordage,Bast Fiber
,,,8/11/22,,,HempBlockUSA,Processing & Manufacturing,Product Manufacturers,Products,Bast Fiber,Insulation,,,,,"Hemp Block Australia (HBA) provides the superior building solution for residential, government and commercial building projects.",private,,"33,23",https://hempblockusa.com/,Queensland,,AUSTRALIA,(855) 795-0012,https://hempblockaustralia.com/,,Johan Tijssen and Glen Donoghoe,,,,,,,,Insulation,Bast Fiber
,Jonathan Leong,,8/11/22,,,Hempitecture Inc.,Processing & Manufacturing,Product Manufacturers,Agricultural Production,Primary (line),Insulation,,,,,Hempitecture is the leading US manufacturer and distributor of green building materials for construction including HempWool thermal insulation,private ,,"425,142,511",(https://www.hempitecture.com/),Ketchum,ID,US,,sales@hempitecture.com,,Mattie Mead,,<25,,,,,,Insulation,Primary (line)
,,,8/11/22,,,Hempmania,Distribution,Retail,Products,Primary (line),Fabric,,,,,Hempmania offers a full line of stylish 100% HEMP bags and accessories that are not only eco-friendly but also beautiful,private,,"3,169,316",(https://www.hempmania.com/),,WA,US,206-855-9620,info@hempmania.com,,Steve Black,1997,<25,,,,,,Fabric,Primary (line)
,,,8/11/22,,,Hempowerful,Distribution,Retail,Products,Hurds,Absorbent bedding,,,,,"Providing you with high quality, natural, hemp products.",private,,"314,993,149",https://hempowerful.com/,,,N/A,,,,N/A,,,,,,,,Absorbent bedding,Hurds
,,,8/11/22,,,HempSolutionOregon,Farming & Allied Services,Plant breeders and seed companies,Seed,Hurds,Absorbent bedding,,,,,"We feature AgroBedding, Hempcrete & Grass Roots Grow Mats. We look forward to supplying you with solutions to help create a healthier world! Thank you for your business!",private,,"9,292,614",https://hempsolutionsoregon.org/,Damascus,OR,US,5035584988,sales@hempsolutionsoregon.org,,Gabe Campisi,,,,,,,,Absorbent bedding,Hurds
,,,8/11/22,,,Hemptopia,Distribution,Retail,Products,Tow,Cordage,,,,,"Hemptopia is your source for high quality hemp products designed around function, comfort and sustainability.",private,,"424,314,243",(https://www.hemptopia.com/hemp-products/),McMinnville,OR,US,503-687-3899,teamhemp@hemptopia.com,,Eric Kleffner,2005,<25,,,,,,Cordage,Tow
,,,8/11/22,,,Hempz,Processing & Manufacturing,Materials processors,Products,Oil,Personal Care,,,,,"Hemp seed oil is the key ingredient in each of our products, delivering supple, nourished skin and healthy-looking hair.",private,,"44,325,611",https://hempz.com/,,TX,US,(972) 763-4343,www.hempz.com,,Mark Chester,1998,26,,,,,,,Oil
,,,8/11/22,,,HKliving,Processing & Manufacturing,Retail,Products,Bast Fiber,Carpeting,,,,,HKliving is a Dutch interior brand founded by Emiel Hetsen and Sander Klaver. The initials of both their last names have been used to create the brand name HKliving. ,Private ,,"541,541,410",https://hklivingusa.com/,Crystal River,FL,US,352 212 3524,https://www.hkliving.nl/,,Emiel Hetsen ,2009,30,,,,,,Carpeting,Bast Fiber
,,,8/11/22,,Y,Homestead House,NA,,,Hurds,Chemical feedstock: Sealants,,,,,,,,,,,,,,,,,,,,,,,,Sealants,Hurds
,,,8/11/22,,,Horn Creek Hemp,Farming & Allied Services,Farm service suppliers,Manufacturer,Post-Extract,,,,,,"Horn Creek Hemp is a sustainable and biodynamic family run farm. We specialize in biodynamic CBD cultivars for air dried flower, extraction, and herbal blends.",private ,,,https://www.horncreekhemp.com/,Jacksonville,OR,US,877-541-4367,customercare@horncreekhemp.com,,Paul Murdoch,,17,,,,,,,Post-Extract
,,,8/11/22,,Y,International Paper,NA,,,Secondary,Paper,,,,,,,,,(https://www.internationalpaper.com/home),Memphis,TN,,,,,,,,,,,,,Paper,Secondary
,,,8/11/22,,,Joy Organics,Product Development Company,Retail,Products,Extracting,Pharmaceutical,,,,,"Joy Organics was created with a clear initiative: to develop premium CBD products through innovation and excellence, with service to match.",private,,"4,542,421",https://joyorganics.com/,Austin,TX,US,(512) 992-0288,,,Joy Smith,2018,39,,,,,,Pharmaceutical,Extracting
,,,8/11/22,,,Kinderel,Processing & Manufacturing,Farm service suppliers,Products,Primary (line),Fabric,,,,,"Kinderel is a Greater Vancouver based company specializing in organic baby sleepwear, clothes and accessories.",private,,"451,45",(https://www.kinderel.com/),British Columbia,,Canada,778-323-2229,info@kinderel.com,,Liana Daniela Arsene,2008,<25,,,,,,Fabric,Primary (line)
,,,8/11/22,,,King of Hemp,Distribution,Retail,Products,Essential Compounds,,,,,,King of Hemp ® Pre-Roll covered with high CBD distillate and hemp kief for great flavor and a potent sense of relaxation and calmness.,private,,"33,339,999",(https://kingofhempusa.com/),Las Vegas,NV,US,877-436-7564,info@kingofhemp.com.,,Bruce Perlowin,,,Hemp Inc.,,,,,,Essential Compounds
,,,8/5/22,,,Medterra,Processing & Manufacturing,Product Manufacturers,Manufacturer,Essential Compounds,Food,Personal Care,Nutraceuticals,Livestock Feed,,Medterra is a company that offers CBD-based products. It holds U.S. Hemp Authority certification and is part of Kentucky's Industrial Hemp Research Pilot Program.,Private,.,"424,214,242",(https://medterrahemp.org/),Irvine,CA,USA,800-971-1288,support@medterrahemp.org,,Jay Hartenbach,2017,46,Acreage Holdings,yes,"Vape,Concentrate live resin, hemp flower",,"Acreage Holdings is A company that has multiple subsidiaries, All business they are involved in is related to hemp.",,Essential Compounds
,,,8/5/22,,,Nutiva,Processing & Manufacturing,Product Manufacturers,Manufacturer,Post-Extract,Plant-based Protein,Food,Personal Care,,,"Nutiva is a plant-based food company making plant-based, organic, and non-GMO baking, culinary oils, snacks, spreads, supplements, and personal care products that is headquartered in Richmond, California and was founded in 1999 by John Roulac. Structured Data.",Private,,"44,311,225",(https://www.nutiva.com/),Richmond,CA,USA,800-993-4367,,,John W. Roulac,1999,115,N/A,yes,,692752200014,,Plant-based Protein,Post-Extract
,,,8/5/22,,,Nuts.com,NA,Product Manufacturers,NA,NA,Food,,,,,"Nuts.com is exactly what it sounds like: an online retailer of every kind of nut, from peanuts, pistachios, pecans and pine nuts, to cashews, almonds and filberts, in salted, unsalted and organic varieties",Private,,"44,45",https://www.nuts.com/,Cranford,NJ,USA,800-558-6887,care@nuts.com,,Jeffrey,1929,156,N/A,yes,,N/A,,,Shell
,,,8/5/22,,,O Natural,Processing & Manufacturing,,,Oil,Personal care,,,,,,,,,https://www.onaturals.com/,Los Angeles,CA,,#ERROR!,onaturals@onaturals.com,,,,,N/A,yes,,N/A,,Personal care,Oil
,,,8/5/22,,,OG Containers,Processing & Manufacturing,Product Manufacturers,Products,Hurds,Bagging,,,,,Company that produce containers that are bio-sourced,Private,,332439,(https://www.ogcontainers.com/),Newberg,OR,USA,844-444-0420,Info@ogcontainers.com,,,,,,yes,,N/A,,Plastics,Hurds
,,,8/5/22,,,Old Dominon Hemp,Processing & Manufacturing,Product Manufacturers,Agricultural Production,Tow,Absorbent bedding,,,,,"Old Dominion Hemp is a Virginia-based distributor of high-quality hemp bedding for horses, chickens and pets.",Private,,"321,913,219",https://www.odhemp.com/,Waynesboro,VA,USA,(434)987-0177,sales@odhemp.com,,Marty Phipps,2015,4,N/A,yes,,N/A,,Absorbent bedding,Hurds
,,,8/5/22,,,Oregon CBD Hemp,Farming & Allied Services,Farmers in hub cohorts,Agricultural Production,Essential Compounds,NA,,,,,"Here at Oregon CBD Hemp, we believe that to get a great CBD product, you must first start with the best quality genetics. All of our CBD & CBG genetics are feminized, some are seedless, and they have all been developed using the latest in research and development.",Private,,"11,111,998",(https://oregoncbdhemp.com/),Central Point,OR,USA,541-840-7008,oregoncbdhemp@gmail.com,,Not available,,,N/A,yes,,N/A,,,Essential Compounds
,,,8/5/22,,,Oregon Hemp House,Processing & Manufacturing,Retail,Markets,Post-extract,Food,Livestock Feed,Nutraceuticals,Personal Care,,"Oregon Hemp House is a lifestyle and wellness boutique offering quality, lab-tested Hemp-Derived CBD products. ",Private,,"424,424,910",(https://www.oregonhemphouse.com/),Portland,OR,USA,971-808-9091,contact@oregonhemphouse.com,,Seth Crawford,2016,~4,N/A,yes,,N/A,This company is CBD Certified,,Essential Compounds
,,,8/5/22,,,Oregon Tilth,Farming & Allied Services,Extension and private consultants,NA,,,,,,,"Oregon Tilth, Inc is a nonprofit organization that supports and promotes biologically sound and socially equitable agriculture through education, research, advocacy and product certification",Private,,"8,134,813,410",(https://tilth.org/),Corvallis,OR,USA,503-378-0690,organic@tilth.org,,Roger Kubalek,1973,69,N/A,yes,,N/A,,,
,,,8/5/22,,,Oriya Organics,Processing & Manufacturing,Product Manufacturers,Manufacturer,Essential Compounds,Supplement,Plant-based Protein,,,,"Oriya Organics' 100% Plant Protein is exactly that – five bio-available plant proteins: organic sprouted rice protein, organic hemp seed protein, organic sprouted chia seeds and two nutritionally dense greens - organic spirulina and organic chlorella – and nothing else",Private,,"44,446,191",https://oriyaorganics.com/,,TX,USA,(512) 992-5100,info@oriyaorganics.com,,Jonathon Larson,2012,Not available,N/A,yes,,23031802,,Supplement,Post Extract
,,,8/5/22,,,Phase 2 Extraction,Processing & Manufacturing,Product Manufacturers,Handling/Processing,Oil,NA,,,,,"Phase 2 Extraction is a complex CBD extraction company with a simple philosophy: We win when you win. Buying high-quality CBD oil should not be a difficult process with endless paperwork, negotiation, and red tape.",Private,,"454310,45",(https://www.phase2extraction.com/),Prineville,OR,USA,971-337-3199,Not Available,,Brett Stokes,2018,6,N/A,yes,,N/A,,,Post-Extract
,,,8/5/22,,,PotLuck Expo,Processing & Manufacturing,Product Manufacturers,Manufacturer,Post-extract,Chemicals,Personal Care,Livestock Feed,,,A company that sells different Hemp extract products,Private,,"32,541,432,541",https://potluckexpo.com/,San Diego,CA,USA,(858) 333-7327,Not Available,,Jonny Owl,2017,6,N/A,yes,,N/A,,Adhensive,Oil
,,,8/5/22,,,Printed on Hemp,Processing & Manufacturing,Product Manufacturers,Manufacturer,Secondary,Paper,,,,,"A company that is making paper out of 50% hemp fiber, 50% recycled content.",Private,,111998,(https://printedonhemp.com),Eugene,OR,USA,N/A,Not Available,,Matthew Glyer,2012,11~50,midwest hemp coalition,yes,,N/A,,Paper,Secondary
,,,8/5/22,,,Procana,Processing & Manufacturing,Product Manufacturers,Manufacturer,Post-extract,Nutraceutical,Vape,,,,Procana is a leading manufacturer of Hemp/CBD supplements and lifestyle products.,Private,,"621,513,254",https://procana.com/,Beverly Hills,CA,USA,844-776-2262,Not Available,,Chris Lombardi,2013,11~51,N/A,yes,,N/A,,Nutraceutical,Extracting
,,,8/7/22,,,Pulp Mills,NA,NA,NA,,,,,,,,Private,,,(https://www.manta.com/mb_44_E026Y_38/pulp_mills/oregon),,,,,,,,,,,no,,N/A,,,
,,,8/7/22,,,Pure Hemp Technologies,Processing & Manufacturing,Materials processors,Handling/Processing,Post-extract,Mortar,Pulp,Food,,,PureHemp Technology LLC (“PureHemp”) is a vertically integrated industrial hemp manufacturing company. The PureVision subsidiary is devoted to processing industrial hemp into intermediates to make a myriad of hemp-based products.,Private,,"3,221,103,221",(https://purehemptech.com/),Fort Lupton,CO,USA,303-857-4530,info@purehemptech.com,,Ed Lehrburger,2014,33,N/A,yes,,N/A,,,
,,,8/7/22,,,Real Milk Paint Co.,Processing & Manufacturing,Product Manufacturers,Manufacturer,Hurds,Paints,,,,,"Real Milk Paint Co™, founded in 1995, is your source for milk paint that is organic and non toxic paint.",Private,,"42,442,495",(https://www.realmilkpaint.com/),Hohenwald,TN,USA,800-339-9748,hello@realmilkpaint.com,,Dwayne,1995,6,N/A,yes,,N/A,,Paints,Hurds
,,,8/7/22,,,Receptor Life Sciences,Processing & Manufacturing,Product Manufacturers,Manufacturer,Essential Compounds,Pharmaceutical,Personal Care,Livestock Feed,,,Receptor Life Sciences is a pharmaceutical company that applies FDA-approved drug delivery technologies to develop innovative therapies to address central nervous system disorders that have few safe and effective treatments,Public,,"3,254,541",(https://www.receptorlife.com/),Seattle,WA,USA,(206) 483-2730,info@receptorlife.com,,Mark Theeuwes,2015,<10,Granite Point Capital ,yes,,N/A,,Pharmaceutical,Essential Compounds
,Dr. Karl Haapala,,8/7/22,,,Red Barn Hemp,Farming & Allied Services,Farmers in hub cohorts,Agricultural Production,Oil,Nutraceutical,,,,,Family farm selling CBD product,Private,,"11,111,998",(https://redbarnhemp.com/),Woodburn,OR,USA,503-634-2580,Not Available,,Todd Theiss,1950,2,N/A,yes,,N/A,,Nutraceutical,Essential Compounds
,,,8/7/22,,,Resonance Farm's,Processing & Manufacturing,Product Manufacturers,Products,Oil,Nutraceuticals,Livestock Feed,,,,"Resonance Farm is your top source for premium quality CBD in Springfield, OR, and beyond. We are an organic hemp company locally owned and operated in Oregon with a wide range of high-quality hemp products.",Private,,333111,(https://resonancefarm.com/),Eugene,OR,USA,458-207-0536,Not Available,,Gretl Gauthier,2016,N/A,N/A,yes,,N/A,,,Oil
,,,8/7/22,,,Sisal Rugs Direct,Processing & Manufacturing,Product Manufacturers,Manufacturer,Bast Fiber,Carpeting,,,,,"Our sisal rugs are not only durable, but they are naturally insulating, sound-absorbent, flame resistant, and anti-static.",Private,,"31,411,314",https://www.sisalrugs.com/,,OR,USA,(888) 613-1335,sales@sisalrugs.com.,,Myles Felsing,1995,6,N/A,yes,,N/A,,Carpeting,Bast Fiber
,,,8/7/22,,,Soil Salvation,CLosed,,,Hurds,,,,,,company that make use of local waste materials to create the highest quality organic soil amendments possible,Private,,,(https://www.soilsalvation.com/),Ashland,OR,USA,541-851-1333,,,Dave Munson,2016,,N/A,no,,N/A,,,Hurds
,,,8/7/22,,,Supreme Aromas,Processing & Manufacturing,Product Manufacturers,Manufacturer,Post-extract,Personal Care,,,,,"This company is a fun and colorful bath & body care line that are known for products that not only look good but smell AMAZING! Our hemp infused products are made with skin beneficial ingredients like essential oils, avocado oils, sweet almond oil and Vitamin E and other all natural ingredients.",Private,,333924,(https://www.supremearomas.com/),,CA,USA,N/A,N/A,,John Pham,N/A,N/A,N/A,yes,,N/A,,,Essential Compounds
,,,8/7/22,,,Sweet Skins Hemp Fashion,Processing & Manufacturing,Product Manufacturers,Manufacturer,Primary (line),Fabric,,,,,A clothing company that made clothes out of hemp.,Private,,"444,481",(https://sweetskins.com),Eugene,OR,USA,541-393-6925,N/A,,Mira Fannin,2004,N/A,N/A,yes,,N/A,,Fabric,Primary (line)
,,,8/7/22,,,The Futon Shop,Processing & Manufacturing,Product Manufacturers,Manufacturer,Hurds,Absorbent bedding,,,,,Bedding company using hemp as one of their material to produce products.,Private,,442110,https://www.thefutonshop.com/,San Francisco,CA,USA,415-920-6800,Customerservice@thefutonshop.com,,Suzanne Diamond,1976,100-200,N/A,yes,,N/A,,Absorbent bedding,Hurds
,,,8/7/22,,,The Hemp Plastic Company,Processing & Manufacturing,Materials processors,Handling/Processing,Hurds,Plastics,,,,,Company that design and manufacture custom hemp biocomposites and bioplastics,Private,,"42,461,424",(https://hempplastic.com/),Boulder,CO,USA,#ERROR!,info@hempplastic.com,,Glenn Kayll,2018,1-10,N/A,yes,,N/A,,Plastics,Hurds
,,,8/7/22,,,TransMineral,Processing & Manufacturing,Product Manufacturers,Manufacturer,Hurds,Mortar,Paint,Adhesive,,,"Saint Astier® Natural Hydraulic Lime and derivative products have been produced by the same families in Saint Astier, France since 1851. The characteristics of the raw materials as well as the manufacturing process assure the user of a product that is both high in quality and performance. In historical preservation and restoration, the consistency of the product, as well as the type of product, is extremely important to ensure compatibility with the existing structure and materials. In new build construction, Saint Astier® Natural Hydraulic Limes have developed a broad range of mortars and binders for the modern day requirements of today’s builders. Natural Hydraulic Lime competes with, and outperforms, comparable products in strength, elasticity, plasticity, and more. The ecological benefits of lime mortars such as CO2 re-absorption and condensation control are also crucial to a long-lasting and sound structure.",Private,,"333,365",https://limes.us/,Petaluma,CA,USA,707-769-0661,N/A,,Michel Couvreux,1997,N/A,N/A,yes,,N/A,,Mortar,Hurds
,,,8/7/22,,,Vermont Natural Coatings,Processing & Manufacturing,Product Manufacturers,Manufacturer,Hurds,Adhesive,Paint,floor,,,Vermont Natural Coatings and Böhme's Exterior Aging Stain is a premium exterior wood treatment that provides an instant aged appearance while protecting and stabilizing the wood structure. For use on new or bare exterior wood. Provides a natural looking aged gray finish. Evens out differences in wood tone.,Private,,"32,551,325",(https://vermontnaturalcoatings.com/),Hardwick,VT,USA,802-472-8700,info@vermontnaturalcoatings.com,,Andrew Meyer,2004,27,N/A,yes,,ACHR141252,,Sealants,Hurds
,,,8/7/22,,,Whole Circle Farms,Processing & Manufacturing,Farmers in hub cohorts,Agricultural Production,Essential Compounds,Personal Care,Fabric,Pharmaceutical,,,The farm that grows hemp and produces the hemp-made product.,Private,,"11,111,998",(https://www.wholecirclefarms.com),Silverton,OR,USA,503-873-7976,N/A,,Peter Koch,N/A,50,N/A,yes,,N/A,,,Essential Compounds
,,,8/7/22,,,Wilderness Poets,Processing & Manufacturing,Product Manufacturers,Manufacturer,Post-Extract,Plant-based Protein,Food,,,,Company that makes Nut Butters + Superfood(contains hemp),Private,,445292,(https://wildernesspoets.com/collections/hemp-seeds-and-protein),Ashland,OR,USA,844-945-3649,info@wildernesspoets.com,,John Bannerman,2006,N/A,"iherb,Faire",yes,,N/A,,Plant-based Protein,Post-Extract
,,,8/7/22,,,Willametter Falls Paper Co.,Processing & Manufacturing,Product Manufacturers,Manufacturer,Secondary,Paper,,,,,"WILLAMETTE FALLS PAPER COMPANY, INC. is a newly formed company which owns and operates the machinery and equipment at the paper mill in West Linn, Oregon. The company is a non-integrated mill, capable of making coated and uncoated grades with an annual capacity of 260,000 tons.",Private,,"32,212,322,121",(https://www.wfpaperco.com/about/),West Linn,OR,USA,833-966-1239,customerservice@wfpaperco.com,,brian konen,1889,51-200,N/A,yes,,N/A,,Paper,Secondary
,,,8/7/22,,,Hemp Flax,Processing & Manufacturing,Materials processors,Handling/Processing,Essential Compounds,Nutraceuticals,,,,,"HempFlax was founded in 1993 by Ben Dronkers with the aim of restoring the age-old crop to its former glory. With succes: nowadays there is a huge demand for high-quality professional hemp products. The synergy between the various branches creates a sustainable and innovative business environment in which HempFlax can become the market leader in the field of industrial hemp production.

Our cultivation takes place in the Netherlands, Germany and Romania with our factories located in Oude Pekela, Netherlands and Alba Iulia, Romania.",Private,,313110,(https://www.hempflax.com/en/),, Oude Pekela,Netherlands,49 9081 805 000,N/A,,Ben Dronkers,1993,11-50,N/A,yes,,N/A,,Nutraceutical,Essential Compounds
,,,8/7/22,,,Puritan's Pride,Processing & Manufacturing,Product Manufacturers,Manufacturer,Essential Compounds,Nutraceuticals,,,,,"Puritan's Pride was founded in 1973 as a brand of dietary supplements. They now operate as a supplement marketplace, selling dozens of brands of vitamins, minerals, herbs, and other nutritional supplements for people and pets",Private,,"44,445",(https://www.puritan.com/),Oakdale,NY,USA,1-800-654-1030,N/A,,Paul Sturman,1973,1-10,N/A,yes,,N/A,,Nutraceutical,Essential Compounds
,,,8/7/22,,,Lunch Box Gummies,Processing & Manufacturing,Product Manufacturers,Manufacturer,Essential Compounds,Nutraceuticals,,,,,"Lunchbox Alchemy CBD gummies are infused with full-spectrum extract derived from Oregon-grown hemp. In addition to high quality USA grown hemp extract, adaptogens are included to work in synergy with the potential benefits of CBD. Crafted with organic and natural ingredients.",Private,,"311,412,311",(https://lunchboxgummies.com/),Bend,OR,USA,720-726-6507,help@lunchboxalchemy.com,,N/A,N/A,N/A,SLANG WORLDWIDE,yes,,N/A,"Alternative company name and website: Lunchbox Alchemy, https://lunchboxalchemycbd.com/",Nutraceutical,Essential Compounds
,,,8/7/22,,,Jaded,NA,NA,,Essential Compounds,Nutraceuticals,,,,,,Private,,,(https://jadedcbd.com/),,,,646-450-6813,hello@jadedcbd.com,,,,,,Not Sure,,N/A,,Nutraceutical,Essential Compounds
,,,8/7/22,,,The Twisted Monk,Processing & Manufacturing,Product Manufacturers,Manufacturer,Bast Fiber,Cordage,,,,,"The Twisted Monk was originally founded in 2004 when Monk began experimenting with rope bondage and made a batch of rope for his own use. The response was so positive that he started making more for others, eventually forming a business and processing hemp in his backyard.",Private,,"314,993,149",https://www.twistedmonk.com/,,WA,USA,206-938-7527,customerservice@twistedmonk.com,,N/A,2004,N/A,N/A,YEs,,N/A,,Cordage,Bast Fiber
,,,8/7/22,,,R&W Rope,Processing & Manufacturing,Product Manufacturers,Manufacturer,Bast Fiber,Cordage,,,,,"R&W Rope is a family owned and operated distributor of rope and cordage since 1985. Our mission at R&W Rope is to make our customers happy; we do this by having the best value, quality, and service available. We have polyester, cotton, recycled plastic, synthetic manila, and nylon rope available.",Private,,"42,499,424",(https://rwrope.com/),New Bedford,MA,USA,508-995-1114,N/A,, Rod McCollester,1985,17,N/A,YEs,,N/A,,Cordage,Bast Fiber
,,,8/7/22,,,Carolina Coops,Farming & Allied Services,Farmers in hub cohorts,Manufacturer,Hurds,Absorbent bedding,,,,,A company that produces Chicken Coops for Backyard Flocks.,Private,,"3,219,321",https://carolinacoops.com/,,NC,USA,919) 794-3989,N/A,,Matt DuBoise,1996,47,NO,YES,,N/A,,Absorbent bedding,Hurds
,,,8/7/22,,,Circle Creation,Processing & Manufacturing,Product Manufacturers,Manufacturer,Bast Fiber,Fabric,,,,,"Circle Creations is a small, family owned business that has been designing and producing hemp and natural fiber clothing since 1996. ",Private,,453220,https://circlecreations.net/,Eugene,OR,USA,541-485-8117,@circlecreationsclothing,,Jeremy Allaire,1996,>25,NO,YES,,N/A,,Cordage,Bast Fiber
,,,8/3/22,,,Earth Merchant,Farming & Allied Services,NA,Handling/Processing,Hurds/Bast Fiber,Mortar,,,,,"Earth Merchant is an innovative, one-stop business solution that has streamlined the process of growing, manufacturing and branding sustainable hemp products like our innovative hempcrete, and hemp bricks.",Private ,,N/A,https://earthmerchant.com/,,WA,USA,(515) 778-7712,info@earthmerchant.com,,Gina Engel,2020,,,YES,,,,Mortar,Hurds/Bast Fiber
,,,8/4/22,,,BOLT NEIGHBORHOOD FABRIC BOUTIQUE,Processing & Manufacturing,Product Manufacturers,Manufacturer,Primary (line),Fabric,,,,,"Bolt Fabric Boutique is a collection of natural, sustainable, apparel and quilting fabric and sewing supplies, thoughtfully curated for home sewers.",Private ,,"45,451",https://shop.boltfabricboutique.com/,Portland,OR,USA,(503)287-2658,info@boltfabricboutique,,,2005,,,,,,,Fabric,Primary (line)
,,,8/4/22,,,sympaticoclothing,Processing & Manufacturing,Product Manufacturers,Manufacturer,Primary (line),Fabric,,,,,"We make and sell timeless women’s fashions crafted in the USA with a sustainable blend of hemp/Tencel fabric. Everyday eco-friendly tops, skirts and pants made for movement, style and comfort.",Private ,,"44,448",https://www.sympaticoclothing.com/,Jacksonville,OR,USA,541.899.3988,contact@sympaticoclothing.com,,Rose,2006,,,,,,,Fabric,Primary (line)
,,,8/4/22,,,Aurora Silk,Processing & Manufacturing,Product Manufacturers,Manufacturer,Primary (line),Fabric,,,,,,Private ,,"42,424",https://aurorasilk.com/wp/,Portland,OR,USA,(503) 286-4149,aurorasilkpdx@gmail.com,,Ms.Cheryl Kolander,1969,,,,,,,Fabric,Primary (line)
,,,8/5/22,|,,tinctoria designs,Processing & Manufacturing,Product Manufacturers,Manufacturer,Primary (line),Fabric,,,,,This organization primarily operates in the Boutiques business / industry within the Apparel and Accessory Stores sector.,Private,,"54,541",https://tinctoriadesigns.com/,Portland,OR,USA,503-810-9232,sales@tinctoriadesigns.com,,Samantha Backer and Jill Golden,2003,,,,,,,Fabric,Primary (line)
,,,8/5/22,,,AbundantEarth,Processing & Manufacturing,,,Bast Fiber,Carpeting,,,,,"Abundant Earth provides environmentally sensitive products and services for people who want to ""make a difference"" in the world",Private,,"44,442",https://www.abundantearth.com/,Bellingham,WA,USA,888-513-2784,sales@abundantearth.com,,,,,,Y,Natural Hemp Area Rugs,,,Carpeting,Bast Fiber
,,,8/6/22,,,ALOHA,Processing & Manufacturing,Product Manufacturers,Products,Post Extract,Supplement,,,,,"ALOHA is an employee-owned and operated company committed to making the healthiest, best-tasting plant-based protein products on the planet.",Private,,519190,https://aloha.com/,Littleton,CO,USA,(212)-344-6293,care@aloha.com,,Bradley Charron,2017,61,,Y,Vanila Protein Powder,,,Supplement,Post Extract
,,,8/6/22,,,AMERICAN HEMP LLC,Distribution,Retail,Markets,"Bast Fiber, Hurds","Insulation, Absorbent bedding",,,,,"American Hemp will supply manufacturers, who are interested in reducing their carbon footprint, with quality hemp material. ",Private,,"424590, 424",https://americanhempllc.com/,Winston Salem,NC,USA,(336) 529-7968,,,,2009,,,Y,Hempcrete,,,"Insulation, Absorbent bedding","Bast Fiber, Hurds"
,,,8/12/22,,,Azure Standard,Distribution,Wholesale,Products,Primary (Line),Nutrition,Personal Care,Chemicals,Fabric,,"Azure provides a full complement of healthy organic foods and natural products at family-friendly prices, but we are unique in our approach and values. ",Private,,"444,451",https://www.azurestandard.com/,Dufur,OR,USA,971-200-8350,info@azurestandard.com,,David Stelzer,1956,153,,Y,"Hemp Hearts, Organic",1388341,,Nutrition,
,,,8/12/22,,,Badia,Distribution,Wholesale,Products,Primary (Line),Nutrition,Food,,,,"Badia Spices Inc. is committed to delivering the finest quality spices, marinades, sauces, side dishes, specialty items, and more at the best price. ",Private,,424490,https://badiaspices.com/,Doral,FL,USA,(305)-629-8000,custserv@badiaspices.com,,Joseph “Pepe”Badía,1967,"501-1,000",,Y,HULLED HEMP SEEDS,,,Nutrition,
,,,8/12/22,,,Bob's Red Mill,Processing & Manufacturing,Retail,Products,Post Extract,"Nutrition, Supplement",Flour,Food,,,"Bob's Red Mill Natural Foods produces more than 400 products, including a full line of certified gluten free products and an extensive line of certified organic products. ",Private,,"72,233,112",https://www.bobsredmill.com/,Milwaukie,OR,"Canada, USA",(503) 607-6455,customerservice@bobsredmill.com,,Trey Winthrop,1978,600,,Y,"Hulled Hemp Seed Hearts, Hemp Protein Powder",,,"Nutrition, Supplement",Post Extract
,,,8/12/22,,,Brick & Mortar Hemp Co.,Processing & Manufacturing,Retail,Manufacturer,Hurds,Mortar,,,,,Sheboygan County's premier CBD/Delta 8 Dispensary providing a vast selection of high-quality locally-sourced Hemp products.,Private,,"45,453,991",https://brickandmortarhemp.com/,Sheboygan,WI,USA,(920) 226-3112,brickandmortarhemp@gmail.com,,Jordon Wakefield,2019,<25,,Y,Hemp Mortar,,,Mortar,Hurds
,,,8/12/22,,,Cadia,Distribution,Retail,Manufacturer,Primary (Line),Nutrition,Food,,,,CADIA® offers private label solutions exclusively to independent natural grocers.,Private,,"4,244,244",https://mycadia.com/,Boulder,CO,USA,303-228-9030,info@mycadia.com,,N/A,2010,<500,KEHE Distributors,Y,Raw Hemp Seed,,,Nutrition,
,,,8/12/22,,,Califa Farms,Processing & Manufacturing,Product Manufacturers,Products,Primary (Line),Dairy,,,,,"Califia Farms creates innovative, healthy and great-tasting premium beverages that make it easy for consumers to go plant-based and dairy-free, without compromise. ",Private,,"11,112",https://www.califiafarms.com/,Los Angeles,CA,USA,(844) 237-4779,sales@califiafarms.com,,Dave Ritterbush,2010,224,,Y,Hemp Barista Blend,,,Dairy,
,,,8/12/22,,,Ecomil,Processing & Manufacturing,Retail,Products,Primary (Line),Dairy,,,,,Producer and retailer of organic vegan drinks and beverages intended to help clients stay healthy and fit.,Private,,"44,445",https://ecomil.com/en/,Murcia,,Spain,34 (902)159151,marketing.export@nutriops.com,,N/A,1991,30,Nutriops,Y,Hemp Drink Suger-Free Biol,,,Dairy,
,,,8/12/22,,,Elmhurst,Processing & Manufacturing,Retail,Products,Primary (Line),Dairy,,,,,"Elmhurst® is the fastest growing plant-based beverage company, crafting simple, nutritious and delicious plant-based dairy alternatives.",Private,,"11,112",https://elmhurst1925.com/,Elma,NY,USA,888-356-1925,cs@elmhurst1925.com,,Henry Schwartz,1925,66,,Y,"Hemp Barista Edition, Caramel Macchiato Oat Creamer, Pumpkin Spice Oat Creamer,Pistachio Crème Oat Creamer",,,Dairy,
,,,8/12/22,,,Essential Organics,,,,,Nutrition,,,,,,Private,,"42,424",https://essentialorganicingredients.com/,Indianapolis,IN,USA,(787) 796-8181,info@omfoods.com,,,,,,Y,Organic Hemp Hearts,,,Nutrition,
,,,8/17/22,,,Food to Live,Processing & Manufacturing,Wholesale,Products,Primary (Line),Nutrition,Food,Flour,Plant-based Protein,,"Food to Live provides a wide selection of the kind of foods your body thrives on. Eating Food to Live style results in a diet free of unhealthy cravings, high fat, high sodium and sugary junk food.",Private,,111998,https://foodtolive.com/,Brooklyn,NY,USA,(347) 713-4968,help@foodtolive.com,,Alexander Melnik,2012,5,,Y,Hemp Seeds,8-15369-01351-2,,Nutrition,
,,,8/17/22,,,Fusion Mineral Paint,Processing & Manufacturing,Product Manufacturers,Manufacturer,Oil,Paint,,,,,We provide premium paints and decorative finishes that are second to none in the market.,Private,,"23,238,320",https://fusionmineralpaint.com/,,Ontario,Canada,N/A,application@fusionmineralpaint.com,,Jennylyn Pringle,2014,100-200,Homestead House Paint Co,Y,Hemp Oil Wood Finish,,,Paint,Oil
,,,8/17/22,,,GlobalCBD,Processing & Manufacturing,Wholesale,Products,Oil,Personal Care Products,,,,,"Premium Products with 99% Pure Cannabidiol, No THC, Non-GMO, organically grown agricultural hemp.",Private,,"45,453",https://globalcbd.com/,Sandpoint,ID,USA,208-340-9414,info@globalcbd.com,,Joel Bordeaux,2016,6,,Y,"PET CARE NANO CBD DROPS 2000, Deep Relief CBD Massage Oil, SubZero Roll On Pain Gel, Dry Lips CBD Lip Balm",,,Personal Care Products,Oil
,,,8/17/22,,,Go Green Hemp,Processing & Manufacturing,Product Manufacturers,Products,Extracting,Pharmaceutical,Personal Care,,,,GoGreen Hemp is a family owned and operated company and the exclusive manufacturing of THC-Free Broad Spectrum CBD products.,Private,,446191,https://www.gogreenhemp.com/,Plantation,FL,USA,954-533-0089,info@gogreenhemp.com   ,,Romas Marcinkevicius,2016,385,,Y,"Hemp Horse Pellets For Horses & Livestock, Hemp Dog Chews",,,Pharmaceutical,Extracting
,,,8/17/22,,,Good Hemp,Distribution,Retail,Agricultural Production,Primary (Line),"Nutrition, Dairy",Plant-based Protein,Food,Fabric,,Good Hemp are the leading hemp consumer brand and hemp ingredient producer in the UK and Europe. We predominantly supply the food industry and fast-growing sports nutrition sector both in the UK and overseas.,Private,,"11,111,998",https://www.goodhemp.com/,Tawstock,,"England, Europe",01271 858377,hello@goodhemp.com,,Douglas V. Martin (temporary),1998,<25,Braham & Murray Ltd.,Y,"Hemp Seed Hearts, Barista Seed Milk, Seed Milk, Oat + Hemp Milk",,,"Nutrition, Dairy",
,,,8/17/22,,,"Good Mylk Co.,",Processing & Manufacturing,Retail,Products,Primary (Line),Dairy,,,,,"Based in Los Angeles, Goodmylk Co. is on a mission to “keep it real” with organic, truly nutritional plant mylks made from only the good stuff, and nothing else. No chemicals, no binders, no fillers, and above all – no compromises. ",Private,,"42,443,424",https://goodmylk.co/,Los Angeles,CA,USA,(310) 439-0593,guru@goodmylk.co,,Brooke Harris,2018,<50,,Y,"Hemp Mylk Concentrate, Organic Hemp Mylk Concentrate, Pure Hemp Mylk Concentrate",,,Dairy,
,,,8/17/22,,,Hemp Traders,Distribution,Wholesale,Manufacturer,Bast Fiber,Fabric,,,,,"Hemp Traders is the largest supplier of hemp fiber products in the country. We supply hemp fabric, hemp boards, hemp twine, hemp rope, hemp webbing and more. ",Private,,"424,314,243",https://www.hemptraders.com/,Paramount,CA,USA,(562) 630-3334,contact@hemptraders.com,,Lawrence Serbin,1994,<25,,Y,"Knit hemp scraps, 45% Organic Cotton, 36% Recycled Poly, 19% Hemp Jersey Fabric, Woven hemp scraps, 70% Organic Cotton, 30% Hemp Jersey Yarn Dyed Fabric, 45% Hemp, 40% Organic Cotton, 15% Recycled Poly Fabric, 70% Organic Cotton, 30% Hemp Jersey Fabric, 52% Hemp, 48% Organic Cotton Fishnet Fabric, 70% Cotton, 30% Hemp Thermal Knit Fabric, 55% Hemp, 45% Organic Cotton Jersey, Yellow Stripe Fabric, 92% Recycled Poly, 8% Hemp Jersey Fabric, 70% Organic Cotton, 30% Hemp Rib Knit Fabric, 92% Cotton, 8% Hemp Sheer Fabric, 64% Organic Cotton, 28% Hemp, 8% Lycra Jersey fabric, 67% Organic Cotton, 33% Hemp Fabric, 100% Hemp Mesh Fabric, 53% Hemp, 42% Organic Cotton, 5% Lycra Rib Knit, 55% Hemp, 45% Organic Cotton Sweater Knit, 55% Hemp, 45% Organic Cotton Muslin, 55% Hemp, 45% Tencel, 100% Hemp Linen, Taupe, Hemp Fabric Swatch Book, Wovens, Hemp Fabric Swatch Book, Knits, 70% Cotton, 30% Hemp Waffle Knit, 54% Hemp, 43% Organic Cotton, 3% Lycra Rib Knit, 60% Hemp, 40% Silk Jacquard, 100% Hemp Plain Weave, 100% Hemp Summercloth, 100% Hemp Canvas, 86% Organic Cotton, 14% Hemp Suede, 77% Cotton, 23% Hemp Terrycloth Towel, 80% Organic Cotton, 20% Hemp Sheeting, 60% Hemp, 40% Silk, 92% Hemp, 8% Polyester Fiber Insulation, HempCrete Binder, Natural Hemp Fiber Insulation Batts, Sample Hemp Board, 100% Hemp Rope 6mm",SCRAP-K,,Fabric,Bast Fiber
,,,8/17/22,,,HEMPBASICS,Processing & Manufacturing,Wholesale,Manufacturer,Bast Fiber,Cordage,,,,,Our company is working for a sustainable future by offering an entire product line of natural earth-friendly products from Hemp fiber grown and produced responsibly and locally manufactured in adherence to fair-trade practices and principles.,Private,,"        42431, 4243",https://hempbasics.com/,Warren Township,NJ,USA,888-831-3747,N/A,,Steven Logotheis,1991,31,,Y,"Unpolished Yellow/Blue Hemp Twine, Polished Hemp Twine, Hemp Drawstring, Hemp Cord, Natural Hemp ""Super Fine Lace Weight"" Yarn",,,Cordage,Bast Fiber
,,,8/17/22,,,HempBlockUSA,Processing & Manufacturing,Product Manufacturers,Manufacturer,Bast Fiber,Insulation,,,,,"Supply of hempcrete building blocks for walls made of long lasting, fireproof, breathable and natural materials.",Private,,"33,23",https://hempblockusa.com/,N/A,N/A,"Australia, USA",(855) 795-0012 ,N/A,,Johan Tijssen,,,,Y,"HempBLOCK LB 300, HempBLOCK",,,Insulation,Bast Fiber
,Jonathan Leong,,8/17/22,,,Hempitecture Inc.,Processing & Manufacturing,Wholesale,Products,Bast Fiber,Insulation,,,,,"Hempitecture is a sustainable materials company focused on high performing, low embodied carbon products for the built environment. ",Private,,"425,142,511",https://www.hempitecture.com/,Ketchum,ID,USA,(973) 943-9239,Sales@Hempitecture.com,,Mattie Mead,2018,>10,,Y,"R7 HempWool, R13 HempWool, R20 HempWool, R28 HempWool",,,Insulation,Bast Fiber
,,,8/17/22,,,Hempmania,Processing & Manufacturing,Retail,Products,Bast Fiber,"Cordage, Personal care, Bag",,,,,"Since 1997 Hempmania has created an extensive line of high quality, earth-friendly hemp products including hemp bags, hemp backpacks, hemp wallets and a wide range of hemp accessories. ",Private,,"3,169,316",https://www.hempmania.com/,Bainbridge Island,WA,USA,206-855-9620,info@hempmania.com,,Steve Black,1997,<25,,Y,"Hemp Cord Braided Bracelet/Anklet, Hemp Cord, Hemp Twine, Hemp Ultra Mini Urban Bag, Hemp Deluxe Backpack, Hemp Three Pocket Fanny, Hemp Simple Shopper, Hemp Slim Bifold, Merry Hempsters Vegan Hemp Balm",BA4-H,,"Cordage, Personal care, Bag",Bast Fiber
,,,8/17/22,,,Hempowerful,Processing & Manufacturing,Product Manufacturers,Manufacturer,Hurds,Absorbent bedding,Fabric,,,,N/A,Private,,"31499, 3149",https://hempowerful.com/,N/A,N/A,N/A,N/A,N/A,,N/A,N/A,N/A,,Y,HEMP Hurds Animal Bedding,,,Absorbent bedding,Hurds
,,,8/17/22,,,HempSolutionOregon,Processing & Manufacturing,Wholesale,Manufacturer,Hurds,Absorbent bedding,,,,,"ALL OF OUR HEMP SOLUTIONS PRODUCTS ARE MADE FROM QUALITY 100% HEMP HURD. WE STRIVE TO HELP CREATE A POSITIVE IMPACT BY OFFERING SUSTAINABLE, EARTH-FRIENDLY, COMPOSTABLE & TREE FREE PRODUCTS!",Private,,N/A,https://hempsolutionsoregon.org/,Boring,OR,USA,(503) 558-4988,sales@hempsolutionsoregon.org,,N/A,2017,N/A,,Y,AgroBedding,,,Absorbent bedding,Hurds
,,,8/17/22,,,HempTechGlobal,Processing & Manufacturing,Product Manufacturers,Manufacturer,Hurds,Absorbent bedding,Fabric,Fiber board,,,"Hemp Technologies Global believes that Industrial Hemp can help save world economies, build affordable homes, grow high-protein, nutrient-dense foods, provide warmth, create Jobs and help heal the sick.",Private,,N/A,https://hemptechglobal.com/,Asheville,NC,USA,N/A,N/A,,Greg Flavall,2008,N/A,,Y,Hemp Hurds,,,Absorbent bedding,Hurds
,Dr. Karl Haapala,,8/17/22,,,HempWood,Processing & Manufacturing,Wholesale,Manufacturer,Bast Fiber,Panel,Fiber board,,,,"HempWood® is a face grade interior hardwood. Through compression and adhesion, HempWood® is made from full length fiber hemp stalks and soy-based glue. ",Private,,"321912, 321918, 423310, 444190",https://hempwood.com/,Murray,KY,USA,888-338-1235,sales@hempwood.com,,Greg Wilson,2018,<50,"Fibonacci, LLC",Y,HempWood® Panels,,,Panel,Bast Fiber
,,,8/17/22,,,HKliving,Processing & Manufacturing,Wholesale,Products,Bast Fiber,Carpeting,,,,,"At the base HKliving creates accessible collections with products inspired by traditional and useable designs while respecting its history, but always to give it a modern look and feel.",Private,,"541, 541410",https://hkliving.com/,Dronten,,Netherlands,31 321 382 631,info@hkliving.nl,,"Emiel Hetsen, Sander Klaver",2008,53,,Y,Hemp rug,,,Carpeting,Bast Fiber
,,,8/17/22,,,HomeStead House,Processing & Manufacturing,Product Manufacturers,Manufacturer,Oil,Paint,,,,,"Originating as the only Canadian Milk Paint manufacturer, our family run company has shown its dedication and commitment to providing high quality paints across North America since 1989. ",Private,,"44, 44412",http://www.homesteadhouse.ca/,,Ontario,Canada,(866) 269-9430,info@homesteadhouse.ca,,Sean Scott,1989,,,Y,Hemp Oil,,,Paint,Oil
,,,8/17/22,,,HUM Nutrition,Processing & Manufacturing,Retail,Products,Post Extract,Supplement,,,,,"HUM’s mission is to help everyone look and feel their absolute best. Through combining the exact, pure & potent nutrients for visible, life-changing results, each unique formula starts beauty from within. ",Private,,"325611, 44",https://www.humnutrition.com/,West Hollywood,CA,USA,(888) 647-8880,healthy@humnutrition.com,,Walter Faulstroh,2012,41,,Y,"Core Strength Protein Powder Vanila, Core Strength Vegan Protein Powder",,,Supplement,Post Extract
,,,8/17/22,,,Joy Organic,Distribution,Retail,Products,Extracting,Pharmaceutical,Nutraceuticals,,,,Joy Organics is a family-owned and operated CBD business that specializes in full spectrum and THC-free hemp products. ,Private,,"45, 42421",https://joyorganics.com/,Fort Collins,CO,USA,(833) 569-7223,support@joyorganics.com,,Joy Smith,2018,39,,Y,Hemp Softgels,,,Pharmaceutical,Extracting
,,,8/17/22,,,Just Hemp Food,Processing & Manufacturing,Retail,Products,Primary (Line),Supplement,Food,Plant-based Protein,,,"Just Hemp Foods is committed to creating and delivering pure, functional, healthy hemp food products for all.",Private,,"44, 44511",https://www.justhempfoods.com/,Niverville,Manitoba,Canada,N/A,N/A,,N/A,N/A,N/A,,Y,Hemp Protein + Fiber,,,Supplement,Post Extract
,,,8/17/22,,,Kirkland Signature,Distribution,Wholesale,Products,Primary (Line),Nutrition,Food,,,,N/A,Private,,N/A,https://www.costco.com/kirkland-signature.html,Issaquah,WA,USA,N/A,N/A,,W. Craig Jelinek,1997,,Costco,Y,"Hemp Hearts, Organic",S150-1,,Nutrition,
,,,8/17/22,,,Laird SuperFood,Processing & Manufacturing,Retail,Products,Post Extract,Supplement,Food,,,,"Laird Superfood is an ""Alternative Energy""​ company.  Through its award-winning line of Coffee Creamers, Laird Superfood is focused on providing consumers with the strongest and most sustained all-natural energy source available in the marketplace today. ",Private,,"424490, 31192",https://lairdsuperfood.com/,Sisters,OR,USA,(888) 670-6796,aloha@lairdsuperfood.com,,Jason Vieth,2015,145,,Y,"RENEW PLANT-BASED PROTEIN, RENEW PLANT-BASED PROTEIN CACAO",,,Supplement,Post Extract
,,,8/3/22,,,Living Harvest,Processing & Manufacturing,Product Manufacturers,Products,Post-extract,Dairy,Plant-based Protein,Food,NA,NA,Became pioneers in the hemp industry and produced the first hemp seed protein powder,Public,,,https://livingharvest.com/,Manitoba,,Canada,888-417-9343,sales@tempthemp.com,https://livingharvest.com/#contact,Charles Holmes,2000,,Living Harvest Conscious Nutrition,Y,"Hemp Milk Chocolate, Unsweetened Original Hemp, Tempt Hemp Milk, Unsweetened Vanilla, Tempt Hemp Milk Original, Tempt Hemp Vanila Milk",,,Dairy,
,,,7/25/22,,,Manitoba Harvest,Processing & Manufacturing,Product Manufacturers,Products,Post Extract,Food,Plant-based Protein,NA,NA,NA,mission to transform consumer health starts simply and sustainably: with hemp,Public,,,https://manitobaharvest.com/,Manitoba,,Canada,204-953-0233,,https://manitobaharvest.com/pages/contact-us,Martin Moravick,1998,,,Y,"Organic Hemp Hearts, Natural Hemp Seeds, Hemp Yeah! Original, Hemp Yeah! Unsweetened Original, Hemp Yeah! Unsweetened Vanila, Hemp Yeah! Unsweetened Chocolate, Hemp Yeah! Max Protein Unsweetened.",7098,,"Nutrition, Dairy, Supplement",Post Extract
,,,7/25/22,,,Mirreco,Distribution,Wholesale,Markets,,Food,NA,NA,NA,,progressive company driving explosive potential from the emerging multi-billion dollar hemp industry,,,,https://mirreco.com/,,,,,info@mirreco.com,https://mirreco.com/connect/,,,,,Y/N?,3D printed hempcrete house,,,,
,,,8/4/22,,,Natural Grocers,Distribution,Retail,Markets,,Nutrition,Food,Pharmaceutical,Plant-based Protein,Flour,Our products are here to support the health and wellbeing of our communities,Public,,,https://www.naturalgrocers.com/,,,,303-986-4600,,https://www.naturalgrocers.com/vendors,Margaret Isely,1955,,,Y,Non GMO Hemp Seeds,SE351,,Nutrition,
,,,8/4/22,,,Nature's Fabric,Processing & Manufacturing,Retail,Products,Bast Fiber,Fabric,,,,,bring you the very best fabric for all your sewing needs,,,,https://naturesfabrics.com/,Edinboro,PA,USA,814-734-7137,sales@naturesfabrics,,,,,,Y,"Hemp Cotton Fleece 280/370/500 GSM, Bamboo Hemp Fleece 280/400/500 GSM, Bamboo Hemp Stretch Fleece 340 GSM, Natural Hemp Cotton Jersey 220/240 GSM, Natural Hemp Stretch Jersey 240/300 GSM, Hemp Stretch French Terry 340 GSM, Hemp Cotton French Terry 390 GSM, Eggplant Heather Hemp Blend Chambray, Natural Hemp Organic Cotton Canvas, Natural Hemp Cotton Velour",,,Fabric,Bast Fiber
,,,8/4/22,,,Navitas Organics,Processing & Manufacturing,Retail,Products,Post Extract,"Supplement, Nutrition",Food,NA,,,stay nourished and energized with superfood snacks and drinks,,,,https://navitasorganics.com/,Novato,CA,USA,415-883-8116,,https://navitasorganics.zendesk.com/hc/en-us/requests/new,Zach Adelman,2003,,,Y,"Hemp Powder, Hemp Seeds",,,"Supplement, Nutrition",Post Extract
,,,8/6/22,,,NovEnvion,,,,Bast Fiber,Insulation,,,,,,,,,,,,,,,,,,,,Y,"Hemp Insulation Panel, Hempcrete",,,Insulation,Bast Fiber
,,,8/6/22,,,Now Real Food,Processing & Manufacturing,Retail,Products,,Nutrition,,,,,,,,,https://www.nowfoods.com/products/natural-foods/brand/now-real-food,Bloomingdale,IL,USA,888-669-3663,,https://www.nowfoods.com/about-now/contact-us,Jim Emme,1968,,,Y,Harvest Hemp Seeds,,,Nutrition,
,,,8/6/22,,,Nutiva,Processing & Manufacturing,Retail,Products,Post Extract,"Nutrition, Supplement",,,,,Bright future for all is rooted in healthy food,,,,https://www.nutiva.com/,RIchmond,CA,USA,800-993-4367,,https://www.nutiva.com/pages/contact,John Roulac,1999,,,Y,"Organic Shelled Hemp Seed, Organic Hemp Seed Protein, Organic Plant Protein Superfood Smoothie",,,"Nutrition, Supplement",Post Extract
,,,8/6/22,,,Nutra Organics,Processing & Manufacturing,Retail,Products,Post Extract,Supplement,Personal Care,,,,"Transform your beauty and wellbring with pure, potent, proven formulas",,,,https://nutraorganics.com.au/,South Murwillumbah,NSW,Australia,02-6672-4798,wholesale_orders@nutraorganics.com.au,,Mark and Darlene Powell,1998,,,Y,"Hemp Protein Beauty Berries, Hemp Protein Creamy Vanila",,,Supplement,Post Extract
,,,8/6/22,,,Nuts.com,Processing & Manufacturing,Retail,Products,Post-extract,Nutrition,Food,,,,We continue to make sure that every product we sell is second to none,,,,https://nuts.com/,Cranford,NJ,USA,800-558-6887,care@nuts.com,,Jeffrey Sol,1999,,,Y,"Hemp Seeds, Organic Hemp Seeds, Toasted Hemp Seeds (Salted)",7558,,Nutrition,
,,,8/6/22,,,Old Dominon Hemp,Distribution,Transporters,Handling/Processing,Hurds,Absorbent bedding,NA,,,,"Distributor of high-quality hemp bedding for horses, chickens, and pets",,,,https://www.odhemp.com/,Waynesboro,VA,USA,434-987-0177,sales@odhemp.com,,,,,,Y,Hemp Horse Bedding,,,Absorbent bedding,Hurds
,,,8/6/22,,,Oriya Organics,Processing & Manufacturing,Retail,Products,Post Extract,Supplement,Plant-based Protein,,,,"Raise the bar in regards to organic, plant-based nutrition",,,,https://oriyaorganics.com/,,,USA,,info@oriyaorganics.com,,,,,,Y,"Gather Paleo Protein, 100% Plant Protein",,,Supplement,Post Extract
,,,8/6/22,,,Pacific Foods,Processing & Manufacturing,Retail,Products,Post-extract,Dairy,Plant-based Protein,,,,We are out to Nourish Every Body,,,,https://www.pacificfoods.com/,Tualatin,OR,USA,1-800-668-3172,https://www.pacificfoods.com/contact-us/,,,1987,,,Y,"Hemp Original, Unsweeten Hemp Original, Hemp Vanila, Unsweeten Hemp Vanila",,,Dairy,
,,,8/6/22,,,PotLuck Expo,Processing & Manufacturing,Wholesale,Markets,Oil,Adhensive,,,,,Locally assist Cannabis patients by producing networking events,,,,https://potluckexpo.com/,San Diego,CA,USA,,,,,,,,Y,HEMP CBD CBC SKIN ADHESIVE PATCH,,,Adhensive,Oil
,,,8/6/22,,,Procana,Processing & Manufacturing,Retail,Products,Extracting,Pharmaceutical,Personal Care,,,,Been on the forefront of cannabinoid research and development,,,,https://procana.com/,Miramar,FL,USA,844-776-2262,admin@procana.com,,,2012,,,Y,Hemp Complete,,,Pharmaceutical,Extracting
,,,8/6/22,,,R&W Rope,Distribution,Transporters,Markets,Bast Fiber,Cordage,,,,,premier distributor for ropes and rope products,,,,https://rwrope.com/,New Bedford,MA,USA,508-995-1114,https://rwrope.com/pages/contact-us,,,1985,,,Y,"Hemp Rope, Polished Hemp Rope, Tarred Marline, Hemp Seaming Twine",,,Cordage,Bast Fiber
,,,8/6/22,,,Raw Generation,Processing & Manufacturing,Retail,Markets,Post Extract,Juice,,,,,"Delivering the highest quality cleanses, juices, smoothies, and snacks",,,,https://www.rawgeneration.com/,,,USA,732-305-2870,support@rawgeneration.com,,Bill and Jess,2012,,,Y,"LOWER SUGAR* JUICE CLEANSE, PROTEIN CLEANSE, CACAO HEMP, SUPERFOOD CLEANSE®",,,Juice,Post Extract
,,,8/6/22,,,RAWGANIQUE,Processing & Manufacturing,Retail,Products,Bast Fiber,Carpeting,,,,,"Make organic cotton, linen & hemp products from start to finish",,,,https://rawganique.com/,Blaine,WA,USA,360-990-5077,info@rawganique.com,,,1997,,,Y,Homestead Organic Hand-Woven Hemp Rug,,,Carpeting,Bast Fiber
,,,8/6/22,,,Real Milk Paint,Processing & Manufacturing,Retail,Products,Oil,Paint,,,,,,,,,https://www.realmilkpaint.com/,Hohenwald,TN,USA,800-339-9748,hello@realmilkpaint.com,,Dwayne Siever,1995,,,Y,Hemp Oil,HO,,Paint,Oil
,,,7/25/22,,,Shibari,,,,Bast Fiber,Cordage,,,,,one of our specialties is made-to-order-rugs,,,,https://www.sisalrugs.com/,Excelsior,MN,USA,,sales@sisalrugs.com,,,1990,,,Y,Natural Hemp Bondage Rope,,,Cordage,Bast Fiber
,,,7/25/22,,,Sisal Rugs Direct,Processing & Manufacturing,Retail,Products,Bast Fiber,Carpeting,,,,,,,,,,,,,,,,,,,,Y,Hemp Grass Rug Collection,,,Carpeting,Bast Fiber
,,,7/25/22,,,Sojade,Processing & Manufacturing,Retail,Products,Post-extract,Dairy,Plant-based Protein,Food,,,offers over 40 different soya- rice and hemp based French made products,,,,https://www.sojade.co.uk/,,,France,33 2 99 38 09 23,,,,1951,,,Y,Natural Hemp,,,Dairy,
,,,7/25/22,,,St Astier Distributor,Distribution,Wholesale,Markets,Hurds,Mortar,,,,,"safe, natural, green building finish product",,,,https://limes.us/,Petaluma,CA,USA,707-769-0661,,,,1851,,,Y,Hemp Mortar,,,Mortar,Hurds
,,,7/25/22,,,Sun Warrior,Processing & Manufacturing,Retail,Products,Post Extract,Supplement,,,,,clean health and great taste,,,,https://sunwarrior.com/,Washington,UT,USA,855-580-5304,support@sunwarrior.com,,,,,,Y,Organic Hemp Protein,,,Supplement,Post Extract
,,,7/25/22,,,terrafibre,Processing & Manufacturing,Retail,Products,Hurds,Absorbent bedding,,,,,made from 100% industrial hemp fibres,,,,https://terrafibre.ca/,Drayton,Alberta,Canada,1-780-621-0000,info@biocompositesgroup.com,,,,,,Y,Hemp HURD Small Pet Bedding,,,Absorbent bedding,Hurds
,,,7/25/22,,,The Futon Shop,Processing & Manufacturing,Retail,Products,Hurds,Absorbent bedding,,,,,creation of chemical free and natural furniture,,,,https://www.thefutonshop.com/,,,,1-800-44-FUTON,info@thefutonshop.com,,Suzanne Diamond,1976,,,Y,HeartNest Natural Hemp Mattress,HEARTNEST,,Absorbent bedding,Hurds
,,,8/4/22,,,The Hemp Plastic Company,Processing & Manufacturing,,,Hurds,Plastics,,,,,"Helping our customers reduce fossil fuel plastic and carbon emissions quickly, easily, and affordably",,,,https://hempplastic.com/,Boulder,CO,USA,720-548-6325,info@hempplastic.com,https://hempplastic.com/contact/,Glen Kayll,,,,Y,Hemp Plastic,,,Plastics,Hurds
,,,8/4/22,,,True Nutrition,Processing & Manufacturing,,,Post Extract,Supplement,,,,,,,,,https://truenutrition.com/,,,USA,,,https://truenutrition.com/contact.aspx,,,,,Y,"Hemp Protein Powder Unfavored, Hemp Protein Powder Caramel Macchiato,  Hemp Protein Powder Swole Whipd, Hemp Protein Powder Chocolate Fudge Brownie, Hemp Protein Powder French Vanila, Hemp Protein Powder Cookies N Cream, Hemp Protein Powder Salted Caramel, Hemp Protein Powder Strawberry Sorbet, Hemp Protein Powder Chocolate Covered Strawberry, Hemp Protein Powder Gingerbread Cookies, Hemp Protein Powder Toasted Coconut, Hemp Protein Powder Chocolate Thin Mint",,,Supplement,Post Extract
,,,8/3/22,,,Wilderness Poets,Processing & Manufacturing,Product Manufacturers,Products,Post Extract,"Nutrition, Dairy, Supplement",,,,,,,,,https://wildernesspoets.com/products/hemp-protein-powder,Ashland,OR,USA,844-945-3649,info@wildernesspoets.com,,,2006,,,Y,"Hemp Seed, Hemp Protein Powder, Hemp Seed Butter",,,"Nutrition, Dairy, Supplement",Post Extract
,,,8/3/22,,,YourSuper.Com,Processing & Manufacturing,Retail,Products,Post Extract,Supplement,,,,,your super mixes contain 5-6 naturally dried superfoods,,,,https://yoursuper.com/,Santa Monica,CA,USA,,happy@yoursuper.com,https://support.yoursuper.com/en_us/categories/contact-us-rJoIDqFLF,Michael Kuech,,,,Y,Skinny Protein,,,Supplement,Post Extract
,,,8/3/22,,,GlobalCBD,Processing & Manufacturing,Wholesale,Markets,Oil,Adhensive,,,,,,,,,https://globalcbd.com/,,,,208-340-9414,orders@globalcbd.com,https://globalcbd.com/CONTACT-US_ep_40.html,,,,,Y,Adhesive Compression Bandage Wrap,,,Adhensive,Oil
,,,8/3/22,,,LuLu Nutrition,Processing & Manufacturing,,,Oil,Personal Care Products,,,,,,,,,https://www.instagram.com/lulus.nutrition/?hl=en,North Brunswick,NJ,USA,732-322-3132,,,Lucero Aquino,2020,,,Y,Hemp Face Cream,,,Personal Care Products,Oil
,,,8/3/22,,,O Natural,Processing & Manufacturing,Product Manufacturers,Products,Oil,Personal Care Products,,,,,"Expanded our range of products to include juices, protein shakes, and salads",,,,https://osnaturalfood.com/#section-3,Brooklyn,NY,USA,718-388-2202,,https://osnaturalfood.com/#section-4,,,,,Y,Moisturing Day Cream,,,Personal Care Products,Oil
,,,8/3/22,,,Dubhe Imperial Black,Processing & Manufacturing,Product Manufacturers,Products,Drink,Beer,,,,,,,,,,,,,,,,,,,,Not sure,Unita,,,Beer,Drink
,,,7/27/22,Y,,Hemp Fiber Production Corporation,,,,,,,,,,,,,,,,,,,,,,,,,,,,,Beer,Drink
,,,8/8/22,,Y,Hemp Acres,,,,,,,,,,,,,,,,,,,,,,,,,,,,,Beer,Drink
,,,8/9/22,,,International Hemp,,,,,,,,,,,,,,,,,,,,,,,,,,,,,Beer,Drink
,,,8/10/22,,,Queen of Hearts,,,,,,,,,,,,,,,,,,,,,,,,,,,,,Beer,Drink
,,,8/11/22,,,Biocomposites Group,,,,,,,,,,,,,,,,,,,,,,,,,,,,,Beer,Drink
,,,8/12/22,,,Canadian Industrial Hemp Corporation,,,,,,,,,,,,,,,,,,,,,,,,,,,,,Beer,Drink
,,,8/13/22,,,Canadian Rockies Hemp Corporation,,,,,,,,,,,,,,,,,,,,,,,,,,,,,Beer,Drink
,Dr. Karl Haapala,,8/14/22,,,Lazarus Naturals,,,,,,,,,,,,,,,,,,,,,,,,,,,,,Beer,Drink
,,,8/15/22,,,Victory Foods,,,,,,,,,,,,,,,,,,,,,,,,,,,,,Beer,Drink
,,,8/16/22,,,Replant Hemp Advisors,,,,,,,,,,,,,,,,,,,,,,,,,,,,,Beer,Drink
,Dr. Karl Haapala,Y,9/19/22,,,IND Hemp,,,,,,,,,,,,,,,,,,,,,,,,,,,,,Beer,Drink
,Dr. Karl Haapala,,09/21/2022,,,Frogsong Farm,,,,,,,,,,,,,,,,,,,,,,,,,,,,,Beer,Drink
,Dr. Karl Haapala,,09/21/2022,,,FSOil,,,,,,,,,,,,,,,,,,,,,,,,,,,,,Beer,Drink
,Dr. Karl Haapala,,09/21/2022,,,Flex Form,,,,,,,,,,,,,,,,,,,,,,,,,,,,,Beer,Drink
,Dr. Karl Haapala,,09/21/2022,,,DK Fab,,,,,,,,,,,,,,,,,,,,,,,,,,,,,Beer,Drink
,Dr. Karl Haapala,,09/21/2022,,,Phylos,,,,,,,,,,,,,,,,,,,,,,,,,,,,,Beer,Drink
,Dr. Karl Haapala,,09/21/2022,,,WSDA,,,,,,,,,,,,,,,,,,,,,,,,,,,,,Beer,Drink
,Dr. Karl Haapala,,09/21/2022,,,Klersun,,,,,,,,,,,,,,,,,,,,,,,,,,,,,Beer,Drink
,Dr. Karl Haapala,,09/21/2022,,,Materevolve,,,,,,,,,,,,,,,,,,,,,,,,,,,,,Beer,Drink
,Dr. Karl Haapala,,09/21/2022,,,Torresak,,,,,,,,,,,,,,,,,,,,,,,,,,,,,Beer,Drink
,Dr. Karl Haapala,,09/21/2022,,,Forest Concepts,,,,,,,,,,,,,,,,,,,,,,,,,,,,,Beer,Drink
,Dr. Karl Haapala,,09/21/2022,,,Selkirk,,,,,,,,,,,,,,,,,,,,,,,,,,,,,Beer,Drink
,Dr. Karl Haapala,,09/21/2022,,,Grant County ,,,,,,,,,,,,,,,,,,,,,,,,,,,,,Beer,Drink
,,,10/12/2022,,,Canadian Rockies Hemp Corporation,Processing & Manufacturing,Materials processors,Manufacturer,Primary (Line),Processed hemp fiber,,,,,"Canadian Rockies Hemp Corp. (CRHC) is an agribusiness, operating in Bruderheim, Alberta, Canada. (40 mins NE of Edmonton). CRHC provides a sustainable and consistent commercial supply of processed hemp biomaterials to manufacturing facilities globally.",Private,,"11,111",https://www.canadianrockieshemp.com/our-story,,AB,Canada,(833) 422-4367,info@canadianrockieshemp.com,https://www.linkedin.com/in/aaron-barr-b325a779/?originalSubdomain=ca,Aaron Barr ,2016,<60,,Y,"Decorticated ""Short"" Fiber,Decorticated ""Long"" Fiber,Degummed / Cottonized Fiber,Hurd / Shiv,Screenings / Pelleting",N/A,,Beer,Drink
,,,10/12/2022,,,Montana Department of Commerce,"Financial, Regulatory, and Government Services",Financial/Investment,Markets,NA,,,,,,"The Montana Department of Commerce works with statewide and local partners, private industry, and small businesses to enhance and sustain economic prosperity in Montana. The Department works to improve the state's economy through business creation, expansion, retention, and diversification of the state's economic base; provides direct technical assistance, grants and loans for Montana's entrepreneurs, businesses and their employees; strengthens the economy through the promotion of tourism development, promoting and protecting historic sites, and marketing Montana as a travel and filmmaking destination; promotes access to new markets, both foreign and domestic, for Montana goods and services; provides financing for homeownership and rental assistance opportunities for Montana families; and develops and improves public infrastructure and housing for Montana citizens by providing grants and technical assistance to Montana communities and counties.",Private,,,https://commerce.mt.gov/,Helena,MT,USA,(406) 841-2700,,841-2745,Scott Osterman,N/A,<60,,Y,N/A,N/A,,Beer,Drink
,,,10/12/2022,,,lancaster farming industrial hemp podcast,NA,NA,NA,NA,,,,,,"Exploring The Mindset of a Regenerative Farmer
In this episode of the Industrial Hemp Podcast, we embark on our journey of discovery into regenerative agriculture – what it is, what makes it different from conventional agriculture, and why it's important.",Private,,,https://www.lancasterfarming.com/farming-news/hemp/podcast/,Ephrata,WA,USA,717-394-3047,jbucks@lancasterfarming.com,717-291-8750,Justin Bucks,,,,Y,N/A,N/A,,Beer,Drink
,,,10/12/2022,,,lazarus naturals,Processing & Manufacturing,Product Manufacturers,Products,Post-extract,Food,Personal Care,Nutraceuticals,Fabric,Plant-based Protein,"In 2014, Sequoia Price-Lazarus and a small but dedicated team—including Evan Skandalis (VP of Farm Operations), Dylan Summers (VP of Government Affairs) and Ian Tudor (Crystallization Specialist)—set out to try making affordable healthcare and natural medicine more accessible to all by crafting CBD products that were effective and affordable, so everyone could experience its benefits. To ensure quality, potency and consistency, they imagined a “farm-to-front-door” model of transparency—where the company handled each step of the process. We started out selling handcrafted products at local farmers markets, and have now become an established leader in the industry.",Private,,"21,211",https://www.lazarusnaturals.com/about,Portland,OR,USA,(206) 909-3354,support@lazarusnaturals.com,https://www.linkedin.com/company/lazarusnaturals/,Sequoia Price-Lazarus,2014,121,,Y,"Full Spectrum CBD COCONUT OIL,Full Spectrum CBD CHOCOLATE BAR,Full Spectrum IMMUNITY CBD GUMMIES,Full Spectrum, High Potency CBD OIL TINCTURE",N/A,,Beer,Drink
,,,10/12/2022,,,foundation for food agriculture research,Farming & Allied Services,Farmers in hub cohorts,NA,NA,,,,,,"The Foundation for Food & Agriculture Research (FFAR) builds public-private partnerships to fund bold research addressing big food and agriculture challenges. FFAR was established in the 2014 Farm Bill to increase public agriculture research investments, fill knowledge gaps and complement USDA's research agenda",Private,,541715,https://foundationfar.org/what-we-do/,N/A,WA,USA,202-624-0700, communications@foundationfar.org,,"Sally Rockey, Ph. D.",2014,N/A,,Y,N/A,N/A,,Beer,Drink
,,,10/12/2022,,,whitney economics llc,"Financial, Regulatory, and Government Services",Extension and private consultants,NA,,,,,,,"We are a global business and economic consulting firm with the mission to provide data, insights and recommendations, using sound analytic principles, that will help increase the value, effectiveness and influence of our clients.",,,"54,541",https://whitneyeconomics.com/about,Portland,OR,USA,(503) 774-5760,,https://www.linkedin.com/in/beauwhitney/,Beau Whitney,2014,1,,Y,N/A,N/A,,Beer,Drink
,,,,,,,,,,,,,,,,,,,,,,,,,,,,,,,,,,,Beer,Drink
,,,,,,,,,,,,,,,,,,,,,,,,,,,,,,,,,,,Beer,Drink
,,,,,,,,,,,,,,,,,,,,,,,,,,,,,,,,,,,Beer,Drink
,,,,,,,,,,,,,,,,,,,,,,,,,,,,,,,,,,,Beer,Drink
,,,,,,,,,,,,,,,,,,,,,,,,,,,,,,,,,,,Beer,Drink
,,,,,,,,,,,,,,,,,,,,,,,,,,,,,,,,,,,Beer,Drink
,,,,,,,,,,,,,,,,,,,,,,,,,,,,,,,,,,,Beer,Drink
,,,,,,,,,,,,,,,,,,,,,,,,,,,,,,,,,,,Beer,Drink
,,,,,,,,,,,,,,,,,,,,,,,,,,,,,,,,,,,Beer,Drink
,,,,,,,,,,,,,,,,,,,,,,,,,,,,,,,,,,,Beer,Drink
,,,,,,,,,,,,,,,,,,,,,,,,,,,,,,,,,,,Beer,Drink
,,,,,,,,,,,,,,,,,,,,,,,,,,,,,,,,,,,Beer,Drink
,,,,,,,,,,,,,,,,,,,,,,,,,,,,,,,,,,,Beer,Drink
,,,,,,,,,,,,,,,,,,,,,,,,,,,,,,,,,,,Beer,Drink